-- phpMyAdmin SQL Dump
-- version 5.2.1
-- https://www.phpmyadmin.net/
--
-- Host: 127.0.0.1
-- Generation Time: Jul 06, 2024 at 11:37 AM
-- Server version: 10.4.32-MariaDB
-- PHP Version: 8.2.12

SET SQL_MODE = "NO_AUTO_VALUE_ON_ZERO";
START TRANSACTION;
SET time_zone = "+00:00";


/*!40101 SET @OLD_CHARACTER_SET_CLIENT=@@CHARACTER_SET_CLIENT */;
/*!40101 SET @OLD_CHARACTER_SET_RESULTS=@@CHARACTER_SET_RESULTS */;
/*!40101 SET @OLD_COLLATION_CONNECTION=@@COLLATION_CONNECTION */;
/*!40101 SET NAMES utf8mb4 */;

--
-- Database: `jelajah_resep`
--

-- --------------------------------------------------------

--
-- Table structure for table `admin`
--

CREATE TABLE `admin` (
  `id_admin` int(10) NOT NULL,
  `email` varchar(255) NOT NULL,
  `password` varchar(255) NOT NULL,
  `create_at` timestamp NOT NULL DEFAULT current_timestamp()
) ENGINE=InnoDB DEFAULT CHARSET=utf8mb4 COLLATE=utf8mb4_general_ci;

--
-- Dumping data for table `admin`
--

INSERT INTO `admin` (`id_admin`, `email`, `password`, `create_at`) VALUES
(1, 'rivky@gmail.com', 'tes123', '2024-06-21 12:02:00');

-- --------------------------------------------------------

--
-- Table structure for table `feedback`
--

CREATE TABLE `feedback` (
  `id` int(11) NOT NULL,
  `id_resep` int(11) NOT NULL,
  `user_id` int(11) NOT NULL,
  `komentar` text NOT NULL,
  `created_at` timestamp NOT NULL DEFAULT current_timestamp()
) ENGINE=InnoDB DEFAULT CHARSET=utf8mb4 COLLATE=utf8mb4_general_ci;

--
-- Dumping data for table `feedback`
--

INSERT INTO `feedback` (`id`, `id_resep`, `user_id`, `komentar`, `created_at`) VALUES
(1, 7411, 13, 'kereeen bang', '2024-06-17 12:38:51'),
(2, 7411, 13, 'kereeen bang', '2024-06-17 12:42:19'),
(3, 7411, 12, 'keren bang', '2024-06-26 09:22:15'),
(4, 7384, 12, 'resep nya sangat bagus', '2024-06-28 07:16:38');

-- --------------------------------------------------------

--
-- Table structure for table `resep_user`
--

CREATE TABLE `resep_user` (
  `id_resep` int(11) NOT NULL,
  `nama_resep` varchar(255) NOT NULL,
  `bahan` text NOT NULL,
  `langkah` text NOT NULL,
  `gambar` varchar(255) NOT NULL,
  `user_id` int(11) DEFAULT NULL,
  `created_at` timestamp NOT NULL DEFAULT current_timestamp(),
  `deskripsi` text DEFAULT NULL
) ENGINE=InnoDB DEFAULT CHARSET=utf8mb4 COLLATE=utf8mb4_general_ci;

--
-- Dumping data for table `resep_user`
--

INSERT INTO `resep_user` (`id_resep`, `nama_resep`, `bahan`, `langkah`, `gambar`, `user_id`, `created_at`, `deskripsi`) VALUES
(6994, 'Sate Taichan Basil', '[{\"section\":\"-\",\"contents\":[{\"v_page_element_ingredient_item\":\"Ayam 300gr\"},{\"v_page_element_ingredient_item\":\"Minyak Zaitun\"},{\"v_page_element_ingredient_item\":\"Daun basil\"}]}]', '{\"1\":{\"step\":\"Potong ayam menjadi dadu. Marinasi dengan Daun Basil & Bawang putih yang sudah dihaluskan, serta bahan lainnya.\",\"image\":\"\"},\"2\":{\"step\":\"Diamkan selama min. 30 menit lalu tusuk dengan lidi sate.\\r\\nPanggang di teflon dengan api kecil\",\"image\":\"\"},\"3\":{\"step\":\"Blender halus bahan cocolan. \\r\\nLalu tambahkan air. Masak sampai benar benar matang. \\r\\n\\r\\nSate Taichan Basil siap disantap\",\"image\":\"\"}}', 'https://www.dapurumami.com/uploads/recipe/sate-taichan-basil-wzgnbxzp-6235bcbc37f8a26698d22acbde6120f9.jpg', 39, '2024-06-26 08:31:24', '🌼Sate Taichan Basil \r\n\r\n•300gr Daging Ayam\r\n•Daun Basil\r\n•6 Bawang putih\r\n•30ml Minyak zaitun\r\n•Masako Ayam\r\n\r\nSambal Cocol : \r\n•10 Cabe rawit\r\n•5 Bawang putih\r\n•100ml Air\r\n•2 sdm Minyak\r\n•Masako ayam\r\n•1 sdm Gula'),
(7050, 'Sate Taichan Simple', '[{\"section\":\"-\",\"contents\":[{\"v_page_element_ingredient_item\":\"500 gr fillet dada ayam\"},{\"v_page_element_ingredient_item\":\"8 siung bawang putih, 1\\/2 sdm ketumbar bubuk, 1\\/2 buah jeruk lemon\"},{\"v_page_element_ingredient_item\":\"Gula, garam, lada bubuk, kaldu ayam secukupnya\"}]}]', '{\"1\":{\"step\":\"Haluskan bawang putih. \\r\\nMarinasi ayam yang sudah dipotong dadu dengan semua bahan minimal 30 menit\",\"image\":\"\"},\"2\":{\"step\":\"Tusuk ayam ke tusukan sate. Panggang di grill pan atau teflon ditambahkan dengan 2 sdm margarin.\",\"image\":\"\"},\"3\":{\"step\":\"Masak hingga matang. Sajikan dengan sambal merah.\",\"image\":\"\"}}', 'https://www.dapurumami.com/uploads/recipe/sate-taichan-simple-trcjq8pd-8a470cb21d5b169a62c8afc77ec93bb2.jpeg', 38, '2024-06-26 08:31:23', 'Olahan daging ayam yang dijadikan sate dengan rasa gurih asin dipadu dengan sambal merah yang pedas nikmat'),
(7125, 'Sate Tempe', '[{\"section\":\"-\",\"contents\":[{\"v_page_element_ingredient_item\":\"1 papan tempe potong dadu, 5 siung bawang merah, 3 siung bawang putih, 1 sdt ketumbar, 1\\/2 sdt lada bubuk, 2 sdm gula merah, 2 sdm kecap manis, 120 ml air, 1 sdt masako ayam\"}]}]', '{\"1\":{\"step\":\"Tumis bumbu hingga harum, kemudian masukkan tempe, tambahkan kecap dan gula merah lalu tambahkan juga lada, garam dan kaldu ayam masako. Beri air. Masak hingga bumbu meresap\",\"image\":\"\"},\"2\":{\"step\":\"Tusuk tempe dengan tusukan, lalu bakar. Olesi dengan sisa bumbu. Jangan lupa dibolak balik agar matang merata\",\"image\":\"\"},\"3\":{\"step\":\"Sajikan dengan sambal kecap dan bisa juga beri keju mozarella diatasnya jika suka\",\"image\":\"\"}}', 'https://www.dapurumami.com/uploads/recipe/sate-tempe-m1oeyadt-c8142a5a760c21f0f609177e916c94ec.jpeg', 37, '2024-06-26 08:31:23', 'Bosan dengan olahan tempe yang gitu-gitu aja, bikin sate tempe saja, lebih sehat karena tidak digoreng. Didalam kandungan sebuah tempe itu ada protein yang tinggi, tidak kalah dengan daging ayam lho kadar proteinnya., jadi cukup untuk asupan nutrisi bagi keluarga'),
(7212, 'SATE KELAPA (Sate daging balur kelapa khas Madura)', '[{\"section\":\"-\",\"contents\":[{\"v_page_element_ingredient_item\":\"250 Gr daging sapi, 1\\/2 butir kelapa parut setengah tua ,1 sdt garam ,1 sdt gula ,1 sdt kaldu JAMUR MASAKO, Tusuk sate\"},{\"v_page_element_ingredient_item\":\"Bumbu Halus:6 siung bawang merah ,4 siung bawang putih ,1 cabe merah ,2 ruas kunyit bakar, 1 ruas kencur  ,sedikit jahe ,1\\/2 sdt ketumbar, 1\\/4 sdt jintan\"},{\"v_page_element_ingredient_item\":\"Bumbu Kacang : 100 gr kacang tanah, 5 siung bawang putih, 4 siung bawang merah, 2 butir kemiri ,1 cabe merah , 2 keping gula merah , 1\\/2 sdt garam ,1\\/2 sdt Kaldu Jamur MASAKO baru ,2-3 sdm kecap manis ,200 ml air\"}]}]', '{\"1\":{\"step\":\"Uleg bumbu sampai halus, siapkan kelapa parut, campurkan dan ratakan. Masukkan daging sapi uleni sampai rata. Dan diamkan agar termarinasi. (Saya diamkan 1 jam di suhu ruang).\",\"image\":\"\"},\"2\":{\"step\":\"Tusuk sate sampai ke tusukan sate, bakar di teflon atau bara api. Bakar hingga matang.\",\"image\":\"\"},\"3\":{\"step\":\"Bumbu: goreng kacang, bawang putih, merah, cabe. kemiri. Blender dengan gula merah. Tambahkan garam, MASAKO JAMUR, kecap manis, dan air. \\r\\nSajikan dengan potongan lombok dan irisan bawang merah.\",\"image\":\"\"}}', 'https://www.dapurumami.com/uploads/recipe/sate-kelapa-sate-daging-balur-kelapa-khas-madura-ujyhad2o-07c67311a83725c5dd42723cabc3aede.jpeg', 36, '2024-06-26 08:31:23', 'Instagram @nindiminii\r\nMasakRamadanMasako\r\n#MasakoKalduJamur \r\n#ResepDapurUmami\r\n\r\nHay Dapur Umami, kali ini aku mau share menu yang ada disetiap acara, setiap momen, dan setiap hidangan pasti ada. Apalagi kalau bukan SATE!!! TE SATEEEE…hehhe. Kalian taunya Sate Madura yaudah sate ayam aja kan? Padahal ada yang lebih enak dan orang rela antri demi SATE KELAPA ini, karena punya cita rasa yang gurih dari daging sapi yang dibalur kelapa. Kalian kudu cobain deh, dan rasa semakin gurih pakai MASAKO JAMUR varian terbaru ini. Karena di bulan puasa ini kalian pasti ngga bakal kesampaian beli sate dimanapun untuk berbuka, karena full orderan penjual makanan dibulan penuh berkah ini. 😍'),
(7231, 'SATE JAMUR TIRAM', '[{\"section\":\"-\",\"contents\":[{\"v_page_element_ingredient_item\":\"300 gr Jamur tiram, dibersihkan, dipotong memanjang\"},{\"v_page_element_ingredient_item\":\"Dihaluskan: 2 siung Bawang putih panggang 1 siung Bawang merah segar 3 butir Cabe rawit merah (jumlah tergantung selera) 5 butir lada putih bubuk 1 sdt Masako rasa jamur\"},{\"v_page_element_ingredient_item\":\"Bahan lainnya: 1\\/2 sdm Kecap manis  1\\/2 sdm Saus tiram 1\\/2 sdm Kecap ikan 1 sdm Margarin 1 buah Kuas untuk memoles 10 buah Tusukan sate\"}]}]', '{\"1\":{\"step\":\"Panaskan kukusan, kukus jamur hingga agak layu, sisihkan.\\r\\nDalam wadah, campurkan semua bahan-bahan bumbu.\",\"image\":\"\"},\"2\":{\"step\":\"Tusuk jamur tiram yang sudah dikukus untuk dijadikan sate\",\"image\":\"\"},\"3\":{\"step\":\"Dengan kuas, olesi sate jamur dengan bumbu tadi.\\r\\nBakar sebentar \\r\\nSajikan dengan saos kacang\",\"image\":\"\"}}', 'https://www.dapurumami.com/uploads/recipe/sate-jamur-tiram-rommujfr-b768e82230d34a6f64c176700ceb2083.jpg', 35, '2024-06-26 08:31:23', 'Assalamualaikum\r\n@dapurumami.id\r\n\r\nInstagram: @susieko0801\r\n“Kaldu jamur merupakan salah satu bumbu dasar yang bisa digunakan pada beberapa sajian makanan. Rasanya yang khas tentunya dapat meningkatkan selera makan kamu dan keluarga.”\r\n\r\nSATE JAMUR \r\n---------------------\r\nBahan-bahan:\r\n300 gr Jamur tiram, dibersihkan, dipotong memanjang\r\nDihaluskan:\r\n2 siung Bawang putih panggang\r\n1 siung Bawang merah segar\r\n3 butir Cabe rawit merah (jumlah tergantung selera)\r\n5 butir lada putih bubuk\r\n1 sdt Masako rasa jamur\r\n\r\nBahan lainnya:\r\n1/2 sdm Kecap manis \r\n1/2 sdm Saus tiram\r\n1/2 sdm Kecap ikan\r\n1 sdm Margarin\r\n1 buah Kuas untuk memoles\r\n10 buah Tusukan sate\r\n \r\nCara Memasak\r\n \r\nCara membuat:\r\nPanaskan kukusan, kukus jamur hingga agak layu, sisihkan.\r\nDalam wadah, campurkan semua bahan-bahan bumbu.\r\nTusuk jamur tiram yang sudah dikukus untuk dijadikan sate.\r\nDengan kuas, olesi sate jamur dengan bumbu tadi.\r\nSajikan dengan saos kacang \r\n\r\n#ResepDapurUmami\r\n#MasakoKalduJamur\r\n#MasakRamadanMasako'),
(7234, 'Sate telur puyuh', '[{\"section\":\"-\",\"contents\":[{\"v_page_element_ingredient_item\":\"\\/2 kg telur puyuh sudah di rebus,bumbu sate \\/bumbu kacang ,tisuk sate\"}]}]', '{\"1\":{\"step\":\"Tusuk semua telur ke tusukan sate ya ma ,isi sesuai degan selera mama.\",\"image\":\"\"},\"2\":{\"step\":\"Siapkan bumbu sate atau pecel nya ya ma ,lanjut langsung di tuang aja ke telur puyuh nya ..\",\"image\":\"\"},\"3\":{\"step\":\"Boleh di bakar bentar y ma ,atau di panaskan di telpon\",\"image\":\"uploads\\/recipe\\/sate-telur-puyuh-m6ggijjo-step-f6853ecb48ffc90caabd515b4e35030e.jpg\"}}', 'https://www.dapurumami.com/uploads/recipe/sate-telur-puyuh-m6ggijjo-fae5efc424a3d2f04cfe9935956b1b46.jpg', 34, '2024-06-26 08:31:23', 'Kali ini aku bakal bikin menu yg simpel ya ,namun tetep aja enak di lidah..'),
(7238, 'SATE KAMBING', '[{\"section\":\"-\",\"contents\":[{\"v_page_element_ingredient_item\":\"Bahan-bahan yang digunakan untuk membuat sate kambing antara lain: 1. Daging kambing (biasanya bagian daging yang lebih berlemak) 2. Bumbu rempah seperti bawang, kunyit, jahe, cabai, dan bumbu lainnya 3. Tusukan bambu untuk menusuk daging 4. Bumbu kacang atau kecap manis sebagai pelengkap\"}]}]', '{\"1\":{\"step\":\"Berikut adalah langkah-langkah umum untuk membuat sate kambing:\\r\\n\\r\\n1. **Siapkan Bahan dan Bumbu:**\\r\\n   - Potong daging kambing menjadi potongan kecil sesuai selera.\\r\\n   - Persiapkan bumbu rempah seperti bawang, kunyit, jahe, cabai, dan bumbu lainnya. Haluskan atau tumbuk bumbu-bumbu tersebut menjadi pasta.\\r\\n\\r\\n2. **Marinasi Daging:**\\r\\n   - Campur potongan daging dengan bumbu rempah yang telah disiapkan.\\r\\n   - Diamkan dalam lemari es selama beberapa jam agar bumbu meresap ke dalam daging.\\r\\n\\r\\n3. **Tusuk Daging:**\\r\\n   - Tusukkan potongan daging yang telah dimarinasi ke tusukan bambu atau sate.\\r\\n   - Pastikan tusukan bambu menembus setiap potongan daging dengan rata.\\r\\n\\r\\n4. **Panggang Daging:**\\r\\n   - Panaskan bara api atau grill.\\r\\n   - Panggang sate kambing di atas bara api, bolak-balik hingga matang dan berwarna kecoklatan.\\r\\n   - Sering kali sate dilumuri dengan bumbu sisa dari marinasi atau bumbu tambahan saat proses pemanggangan untuk menambah aroma dan rasa.\\r\\n\\r\\n5. **Sajikan:**\\r\\n   - Setelah matang, angkat sate dari bara api.\\r\\n   - Sajikan sate kambing panas dengan bumbu kacang atau kecap manis sebagai pelengkapnya.\",\"image\":\"\"}}', 'https://www.dapurumami.com/uploads/recipe/sate-kambing-4pi33v6c-88dd5bc9d26390de00b25f663226abaf.jpg', 33, '2024-06-26 08:31:23', 'Sate kambing: potongan daging kambing dipanggang di atas bara api dengan bumbu rempah, disajikan dengan bumbu kacang atau kecap.'),
(7340, 'Recook Nasi Goreng Sushi ala Sajiku®', '[{\"section\":\"-\",\"contents\":[{\"v_page_element_ingredient_item\":\"-400 gr Nasi Pulen  -1 bks Sajiku\\u00ae Bumbu Nasi Goreng  Rasa Ayam  -1 Ibr Nori  -3 btr Telur  -100 gr Wortel rebus  -20 gr Timun  -1\\u00bd sdt Garam  -5 sdm Minyak goreng\"}]}]', '{\"1\":{\"step\":\"Potong wortel dan timun bentuk persegi panjang, sisihkan. Kocok telur, beri garam, sisihkan.\",\"image\":\"\"},\"2\":{\"step\":\"Panaskan 1 sdm minyak, dadar 2\\/3 5 bagian untuk isian. Potong memanjang, sisihkan. Lanjutkan dengan dadar 1\\/3 bagian sisanya untuk gulungan, sisihkan.Panaskan 3 sdm minyak, masukan nasi dan Sajiku\\u00ae Bumbu Nasi Goreng Rasa Ayam. Aduk rata, masak hingga matang.\",\"image\":\"\"},\"3\":{\"step\":\"Ambil nori, tata nasi goreng, potongan wortel, timun, dan irisan telur dadar diatasnya, kemudian gulung. Lakukan kembali dengan menggunakan telur dadar sebagai gulungannya. Potong sushi menjadi beberapa bagian.\",\"image\":\"\"}}', 'https://www.dapurumami.com/uploads/recipe/recook-nasi-goreng-sushi-ala-sajiku-aqsvizfp-b26d83dffda2399fb7d04fa0df26f461.jpg', 43, '2024-06-26 09:23:29', 'Recook nasi goreng sushi ala Sajiku®'),
(7344, 'Recook Nasi Goreng Panggang ala Sajiku®', '[{\"section\":\"-\",\"contents\":[{\"v_page_element_ingredient_item\":\"- 300 gr Nasi - 30 gr Jagung Manis - 30 gr Wortel - 1 bh Cabai Merah - 2 btr Telur Kocok - 30 gr Keju Mudah Leleh - 1 bks Sajiku\\u00ae Bumbu Nasi Goreng Rasa Ayam -3 sdm Minyak Goreng\"}]}]', '{\"1\":{\"step\":\"Potong wortel bentuk dadu, iris serong cabai merah. Panaskan minyak goreng, masukkkan telur kocok, aduk cepat.\",\"image\":\"\"},\"2\":{\"step\":\"Masukkan wortel, cabai merah, jagung manis, aduk rata. Tambahkan nasi dan Sajiku\\u00ae Bumbu Nasi Goreng Rasa Ayam, aduk rata, masak hingga matang, sisihkan.\",\"image\":\"\"},\"3\":{\"step\":\"Masukkan nasi goreng ke dalam wadah, taburi keju mudah leleh. Masukkan air ke wajan, panggang nasi goreng hingga keju meleleh.\",\"image\":\"\"}}', 'https://www.dapurumami.com/uploads/recipe/recook-nasi-goreng-panggang-ala-sajiku-p0xkt35w-173a2f9796cafb6ad6fdc7d29868566a.jpg', 43, '2024-06-26 09:23:29', 'Recook nasi goreng panggang Sajiku®'),
(7382, 'RESEP NASI GORENG BAKMOY', '[{\"section\":\"-\",\"contents\":[{\"v_page_element_ingredient_item\":\"Nasi\"},{\"v_page_element_ingredient_item\":\"Tahu Telur\"},{\"v_page_element_ingredient_item\":\"Masako Kaldu Jamur\"}]}]', '{\"1\":{\"step\":\"1. Nasi Goreng : Tumis bawang merah, bawang putih, cabe dengan sedikit minyak hingga harum. Masukkan nasi dan bumbui dengan Masako Kaldu Jamur dan kecap manis, aduk rata dan koreksi rasa.\\r\\n2. Kuah Kaldu : Rebus semua bahan selama kurang lebih 15-20 menit. Saring. Sisihkan kuah\\r\\n3. Tumisan : tumis bawang putih dan bawang merah hingga harum, masukkan tahu yg sudah digoreng. Bumbui dengan bumbu yg sudah tertera, aduk rata. Jika dirasa terlalu kering bisa ditambahkan kuah kaldu, koreksi rasa.\\r\\n4. Sajikan nasi goreng dan tumisan bakmoy kemudian kuah bakmoy di mangkuk terpisah, optional tambahkan telur rebus. Siap disajikan...\",\"image\":\"\"}}', 'https://www.dapurumami.com/uploads/recipe/resep-nasi-goreng-bakmoy-zf2xo0ku-7895a14aaef3ded1a5d33465cf26177c.jpg', 42, '2024-06-26 09:23:28', 'ENTRY 4 Instagram (@syafikazmibastian)\r\nSiapa sangka, ternyata cocok banget lho Moms nasi goreng dipasangkan dengan kuah bakmoy. Rasanya jadi manis, gurih, seger dan hangat.'),
(7383, 'RESEP BOLA-BOLA NASI GORENG MOZZA', '[{\"section\":\"-\",\"contents\":[{\"v_page_element_ingredient_item\":\"Nasi\"},{\"v_page_element_ingredient_item\":\"Keju Mozzarella\"},{\"v_page_element_ingredient_item\":\"Masako Kaldu Jamur\"}]}]', '{\"1\":{\"step\":\"- Cincang halus bawang putih, bawang merah, cabe. Tumis di atas pan yang sudah diberi minyak goreng sedikit. Aduk rata.\\r\\n- Masukkan telur di pan yang sama dan orak arik.\\r\\n- Masukkan nasi di pan yang sama, beri bumbu Masako Kaldu Jamur dan kecap manis. Aduk rata, koreksi rasa. Matikan api.\\r\\n- Parut keju mozzarella, bentuk nasi menjadi bola bola dengan isian keju. Lakukan hingga nasi habis.\\r\\n- Encerkan tepung dengan air, masukkan bola bola nasi ke dalamnya, kemudian angkat dan pindah ke wadah yang ada tepung panir nya. Lakukan hingga semua bola habis.\\r\\n- Panaskan minyak, goreng bola bola nasi goreng hingga matang. Sajikan...\",\"image\":\"\"}}', 'https://www.dapurumami.com/uploads/recipe/resep-bola-bola-nasi-goreng-mozza-xvirnjjk-4b8c252d6927801bee96cecf50c0da04.jpg', 42, '2024-06-26 09:23:28', 'ENTRY 5 Instagram (@syafikazmibastian)\r\nIde menu buka puasa lagi... Cara seru buat menikmati nasi goreng nih, Moms. Nasi goreng nya dibentuk  bola bola lalu diisi keju mozzarella, terus di goreng. Kriuk di luar, lumer di dalam.'),
(7384, 'RESEP NASI GORENG & AYAM GORENG TELUR ASIN', '[{\"section\":\"-\",\"contents\":[{\"v_page_element_ingredient_item\":\"Ayam\"},{\"v_page_element_ingredient_item\":\"Telur Asin\"},{\"v_page_element_ingredient_item\":\"Masako Kaldu Jamur\"}]}]', '{\"1\":{\"step\":\"- Nasi Goreng: Tumis bawang putih, bawang merah, cabe dengan sedikit minyak. Aduk hingga harum. Tambahkan nasi putih, bumbui dengan Masako Kaldu Jamur dan kecap manis. Aduk rata dan koreksi rasa. Sisihkan. \\r\\n- Ayam Goreng Telur Asin: Ayam yang sudah di potong dadu di masukkan kedalam adonan tepung basah yang sudah dibumbui Masako Kaldu Jamur kemudian ke adonan tepung kering yang sudah dibumbui dengan Masako Kaldu Jamur, goreng hingga matang. Sisihkan. \\r\\n- Tumis bawang putih, bawang merah, cabe rawit, aduk hingga harum. Masukkan 3 kuning telur asin yang sudah dihaluskan, beri susu. Aduk hingga mengental. Bumbui dengan Masako Kaldu Jamur. Koreksi rasa. Masukkan ayam goreng ke dalam saus telur asin. Aduk aduk hingga terbalur semua. Angkat dan sajikan bersama nasi goreng.\",\"image\":\"\"}}', 'https://www.dapurumami.com/uploads/recipe/resep-nasi-goreng-ayam-goreng-telur-asin-mdrwkmxu-67b720a123546d64b7aae37e01fd615d.jpg', 42, '2024-06-26 09:23:28', 'ENTRY 6 Instagram (@syafikazmibastian)\r\nPertama kali nih Moms coba bikin menu ini. Unik banget, ternyata nasi goreng dipadukan dengan Chicken Salted Egg. Aduh... kombo yang sangat nikmat. Cocok untuk menu sahur maupun berbuka puasa.'),
(7398, 'Sushi Nasi Goreng Ketimun', '[{\"section\":\"-\",\"contents\":[{\"v_page_element_ingredient_item\":\"Bahan-bahan Nasgor 1 porsi :  - Nasi putih 150gr  - 1 siung bawang putih   - 1 siung Bawang merah   - Ketimun 1 buah  - 1\\/4 sdt garam  - 1\\/4 sdt Masako Kaldu Jamur  Bahan membuat selimut nasgor :  - 1 butir telur  - 1 sdm tepung terigu   - 1\\/4 sdt garam\"}]}]', '{\"1\":{\"step\":\"Cara membuat Nasgor : \\r\\n1. Panaskan minyak, masukkan bawang putih dan bawang merah yang sudah ditumbuk kasar. Setelah itu masukkan nasi putihnya. \\r\\n2. Tambahkan garam dan kaldu jamur\\r\\n3. Aduk hingga merata dan nasi goreng siap untuk dihias.\\r\\n\\r\\nCara membuat selimut nasgor :\\r\\n1. Campurkan 1 sdm tepung terigu dengan 1 butir telur. Kocok lepas, tambahkan garam\\r\\n\\r\\nCara plating ketimun isi nasgor :\\r\\n 1. Taruh nasi goreng di atas telur dadar, kemudian gulung seperti sushi. \\r\\n2. Buang isi dari ketimun hingga tidak ada biji timunnya\\r\\n3. Potong-potong seperti sushi.\",\"image\":\"uploads\\/recipe\\/sushi-nasi-goreng-ketimun-zbsnd63e-step-dfc5b9ae556554d410e782833ed0381e.jpeg\"}}', 'https://www.dapurumami.com/uploads/recipe/sushi-nasi-goreng-ketimun-zbsnd63e-380ffd13686fb1f4eeac5dc19b26b243.jpeg', 41, '2024-06-26 09:23:28', 'Bosen sama kreasi nasi goreng biasa bisa dicoba menu satu ini. Dikarenakan bahan lain seperti kecap dan saus tiram habis ngide cuma bikin pakai kaldu jamur. Apakah rasanya enak? Nasi goreng itu yang paling utama di kaldu nya ga sih? kalo ga pake kaldu rasanya suka ga mantep gitu. suka susah cari kaldu yg bener bener bikin gurih dan iseng coba masako kaldu jamur dari @dapurumami.id ternyata rasanya unexpected! enaaak!'),
(7400, 'Sushi Nasi Goreng Ketimun', '[{\"section\":\"-\",\"contents\":[{\"v_page_element_ingredient_item\":\"Bahan-bahan Nasgor 1 porsi :  - Nasi putih 150gr  - 1 siung bawang putih   - 1 siung Bawang merah   - Ketimun 1 buah  - 1\\/4 sdt garam  - 1\\/4 sdt Masako Kaldu Jamur  Bahan membuat selimut nasgor :  - 1 butir telur  - 1 sdm tepung terigu   - 1\\/4 sdt garam\"}]}]', '{\"1\":{\"step\":\"Cara membuat Nasgor : \\r\\n1. Panaskan minyak, masukkan bawang putih dan bawang merah yang sudah ditumbuk kasar. Setelah itu masukkan nasi putihnya. \\r\\n2. Tambahkan garam dan kaldu jamur\\r\\n3. Aduk hingga merata dan nasi goreng siap untuk dihias.\\r\\n\\r\\nCara membuat selimut nasgor :\\r\\n1. Campurkan 1 sdm tepung terigu dengan 1 butir telur. Kocok lepas, tambahkan garam\\r\\n\\r\\nCara plating ketimun isi nasgor :\\r\\n 1. Taruh nasi goreng di atas telur dadar, kemudian gulung seperti sushi. \\r\\n2. Buang isi dari ketimun hingga tidak ada biji timunnya\\r\\n3. Potong-potong seperti sushi.\",\"image\":\"uploads\\/recipe\\/sushi-nasi-goreng-ketimun-thbe0gfz-step-30a26e53aefd3b7b02ae92e90e98867d.jpeg\"}}', 'https://www.dapurumami.com/uploads/recipe/sushi-nasi-goreng-ketimun-thbe0gfz-99e1f2407c61eab73569c324e31d0048.jpeg', 41, '2024-06-26 09:23:28', 'Bosen sama kreasi nasi goreng biasa bisa dicoba menu satu ini. Dikarenakan bahan lain seperti kecap dan saus tiram habis ngide cuma bikin pakai kaldu jamur. Apakah rasanya enak? Nasi goreng itu yang paling utama di kaldu nya ga sih? kalo ga pake kaldu rasanya suka ga mantep gitu. suka susah cari kaldu yg bener bener bikin gurih dan iseng coba masako kaldu jamur dari @dapurumami.id ternyata rasanya unexpected! enaaak! ini ya resepnya'),
(7411, 'Ayam Goreng Telur Sajiku', '[{\"section\":\"-\",\"contents\":[{\"v_page_element_ingredient_item\":\"8 potong ayam 400 gr air 2 telur, kocok lepas 1 Bks bumbu Ayam Goreng SAJIKU Minyak goreng secukupnya\"}]}]', '{\"1\":{\"step\":\"Ungkap ayam dengan bumbu ayam hingga matang.\",\"image\":\"\"},\"2\":{\"step\":\"Celupkan ayam yang sudah diungkap dalam telur.\",\"image\":\"\"},\"3\":{\"step\":\"Goreng ayam dalam minyak panas hingga matang.\",\"image\":\"\"}}', 'https://www.dapurumami.com/uploads/recipe/ayam-goreng-telur-sajiku-slbccmlc-ddef98f8fb63fe01326d46cceb6ed971.jpg', 14, '2024-06-15 19:27:30', 'Ayam goreng gurih dengan bumbu praktis Sajiku.'),
(7421, '[Masako Kaldu Jamur] Ayam Goreng Bawang Putih Ala Masako', '[{\"section\":\"-\",\"contents\":[{\"v_page_element_ingredient_item\":\"Bahan-Bahan: 1 ekor ayam potong 12 bagian 5 siung bawang putih 3 sdm tepung tapioka 1 sachet kaldu jamur Masako 1\\/2 sdt lada Minyak goreng secukupnya Bahan yang dihaluskan: 10 siung bawang putih 5 siung bawang merah 1 sdm ketumbar 100ml air\"}]}]', '{\"1\":{\"step\":\"Cara buat:\\r\\n1. Marinasi Ayam dengan bumbu yg dihaluskan, kaldu jamur Masako, lada juga tepung tapioka. Diamkan selama 1jam.\\r\\n2. Panaskan minyak goreng, masukkan ayam, di goreng sampai kuning keemasan. Masukkan 1 bonggol baput dan tiriskan.\\r\\n3. Ayam goreng bawang putih siap di santap, dengan nasi putih hangat dan sambal tomat juga lalapan. \\r\\nSedap banget kan?\",\"image\":\"\"}}', 'https://www.dapurumami.com/uploads/recipe/-masako-kaldu-jamur-ayam-goreng-bawang-putih-ala-masako-hgsq4ds0-c5061aed954acdf83036fb30bacd64b4.jpg', 21, '2024-06-15 19:27:30', 'Ayam Goreng Bawang Putih pakai Masako Kaldu Jamur @dapurumami.id nikmat banget nih, cocok buat hidangan sahur dan berbuka. Bikin makannya lahap dan semangat. \r\n\r\n#larhena7\r\n#MasakRamadanMasako #MasakoKalduJamur \r\n#ResepDapurUmami'),
(7425, 'Ayam goreng telur', '[{\"section\":\"-\",\"contents\":[{\"v_page_element_ingredient_item\":\"2 kg ayam\"},{\"v_page_element_ingredient_item\":\"2 sachet masako\"},{\"v_page_element_ingredient_item\":\"Bumbu lainnya\"}]}]', '{\"1\":{\"step\":\"Rebus ayam dg masaka dan bumbu lain hingga matang.\",\"image\":\"\"},\"2\":{\"step\":\"Angkat kemudian goreng hingga matang\",\"image\":\"\"}}', 'https://www.dapurumami.com/uploads/recipe/ayam-goreng-telur-itxn8hfu-a0d0b1f85e198430633b40e1c8819f2a.jpg', 20, '2024-06-15 19:27:30', 'Bikin menu buka puasa dengan Ayam goreng saja..yg simple mudah dan tetap enak.'),
(7442, 'Ayam Goreng Bawang Putih', '{\"1712894388784\":{\"section\":\"Bahan\",\"contents\":[{\"v_page_element_ingredient_item\":\"4 potong fillet paha ayam berkulit\"},{\"v_page_element_ingredient_item\":\"2 sdt Masako\\u00ae Rasa Ayam\"},{\"v_page_element_ingredient_item\":\"\\u00bd sdt merica hitam bubuk\"},{\"v_page_element_ingredient_item\":\"2 sdm tepung maizena\"},{\"v_page_element_ingredient_item\":\"2 sdm tepung beras\"},{\"v_page_element_ingredient_item\":\"5 siung bawang putih, berkulit\"},{\"v_page_element_ingredient_item\":\"Minyak untuk menggoreng\"}]},\"1712894521288\":{\"section\":\"Bumbu Halus\",\"contents\":[{\"v_page_element_ingredient_item\":\"5 siung bawang putih\"},{\"v_page_element_ingredient_item\":\"\\u00bc buah bawang bombay\"},{\"v_page_element_ingredient_item\":\"1 \\u00bd sdt ketumbar bubuk\"},{\"v_page_element_ingredient_item\":\"50 ml air\"}]}}', '{\"1712894605792\":{\"step\":\"1. Dalam wadah campur ayam, bumbu halus, Masako\\u00ae Rasa Ayam, merica hitam bubuk, tepung maizena, dan tepung beras. Aduk rata.\",\"image\":\"uploads\\/recipe\\/ayam-goreng-bawang-putih-step-b8f56be16ffa4af189f6fe8d0df14315.jpg\"},\"1712894639811\":{\"step\":\"2. Diamkan marinasi dalam kulkas selama 30 menit\",\"image\":\"uploads\\/recipe\\/ayam-goreng-bawang-putih-step-a59d64c489c8cc5f92e126c6be71e30b.jpg\"},\"1712894640711\":{\"step\":\"3. Keluarkan ayam, goreng ayam di atas api sedang hingga berubah warna. Angkat. Tiriskan. Diamkan selama 3 menit.\",\"image\":\"uploads\\/recipe\\/ayam-goreng-bawang-putih-step-755c3ce52bdf710d73c20ff7acd1e8a2.jpg\"},\"1712894641718\":{\"step\":\"4. Goreng kembali dengan api besar dan bawang putih berkulit hingga renyah. Angkat. Tiriskan. Sajikan segera.\",\"image\":\"uploads\\/recipe\\/ayam-goreng-bawang-putih-step-303cd1e43d64458e43d6cb78932893cf.jpg\"}}', 'https://www.dapurumami.com/uploads/recipe/ayam-goreng-bawang-putih-0183c5633ad998dc7f687618806e11d4.jpg', 19, '2024-06-15 19:27:30', '<p>Siapa yang bisa menolak aroma lezat dari sajian ayam goreng bercampur dengan bawang putih yang khas?</p>\r\n<p>Ini tandanya kamu harus recook Ayam Goreng Bawang Putih ala Masako®️ sebagai menu baru untuk dinikmati bersama keluarga. Dengan bahan-bahan yang sederhana dan cara yang mudah, kamu bisa membuat hidangan yang menggugah selera ini di rumah. Bikinnya praktis karena pakai Masako®️ yang bikin masakan semakin lezat tanpa ribet. </p>\r\n<p> </p>\r\n<p>Yuk, recook sekarang. Siapkan wajanmu dan ikuti langkah-langkahnya dalam video ini, ya!</p>'),
(7444, 'Sate kambing', '[{\"section\":\"-\",\"contents\":[{\"v_page_element_ingredient_item\":\"8 siung bawang merah\"},{\"v_page_element_ingredient_item\":\"5 siung bawang putih\"},{\"v_page_element_ingredient_item\":\"Kecap secukupnya\"}]}]', '{\"1\":{\"step\":\"Semua bahan nya di halus kan, setelah halus dicampurkan kedalam daging kambing. \\r\\nKemudian diam kan 5 menit, setelah itu bru di tusuk...\",\"image\":\"uploads\\/recipe\\/sate-kambing-8ljezhlo-step-b1743b3858a35a544ff70576a48fe94c.jpg\"}}', 'https://www.dapurumami.com/uploads/recipe/sate-kambing-8ljezhlo-b33cb83f8a849f051738b642fd7bfa02.jpg', 32, '2024-06-26 08:31:23', '1 kg daging kambing\r\n1 bungkus lidi sate\r\n5 siang bawang putih\r\n8 siung bwang merah \r\nKecap manis secukupnya'),
(7463, 'Ayam goreng tepung', '[{\"section\":\"-\",\"contents\":[{\"v_page_element_ingredient_item\":\"Ayam goreng, bumbu putih, kunyit, tepung bumbu sajiku, terigu, maizena\\/kentang, air\\/air soda\"}]}]', '{\"1\":{\"step\":\"1. siapkan ayam yg sudah dibersihkan\\r\\n2. marinasi ayam dalam bumbu putih yang sudah dibagi 2\\r\\n3. bumbu putih yang satunya dicampurkan ke terigu dan maizena serta campurkan kunyit sedikit\\r\\n4. bagi dua, lalu di campuran pertama dicampur dengan air\\/air soda sampai agak cair untuk bahan baluran (BAHAN A)\\r\\n5. siapkan tepung bumbu sajiku\\r\\n6. masukkan ayam marinasi yang sudah siap lalu campurkan ke larutan BAHAN A, lalu dibalurkan lagi ke campuran tepung BAHAN B (sisa dari bagi dua si langkah nomor 4)\\r\\n7. lalu ulang proses 1x lagi dicelupkan ke BAHAN A, lalu balurkan ke tepung bumbu sajiku\\r\\n8. goreng dengan minyak panas\",\"image\":\"\"}}', 'https://www.dapurumami.com/uploads/recipe/ayam-goreng-tepung-ctvfl0sc-1ba4c1ebd4f34990a4531c6c11ac4392.jpeg', 18, '2024-06-15 19:27:30', 'Ayam tepung goreng lezat dengan tepung bumbu dari sajiku\r\ncoba di recook yu bunda'),
(7486, 'Nasi kuning bihun goreng', '[{\"section\":\"-\",\"contents\":[{\"v_page_element_ingredient_item\":\"Beras,kunyit,serai salam,bawang putih bawang merah ketumbar\"},{\"v_page_element_ingredient_item\":\"Santan,minyak sayur,masako\"}]}]', '{\"1\":{\"step\":\"Cuci beras sampai bersih,tumis bumbu halus hingga harum masukan santan cair hingga mendidik lalu masukan beras aduk hingga jadi Aron,lalu dikukus sampai matang\",\"image\":\"\"},\"2\":{\"step\":\"Bihun direndam diair 5 menit,lalu tiriskan, tumis bawang merah bawang putih hingga harum tambahan bihun, tambahan masoka ayam gula sedikit. Masak sampai harum dan matang\",\"image\":\"\"}}', 'https://www.dapurumami.com/uploads/recipe/nasi-kuning-bihun-goreng-ojalw7sk-dc6b4d2a760a47ffcc5e92eaccf2d5ed.jpg', 40, '2024-06-26 09:23:28', 'Olahan nasi kuning banyak rempahan dengan bihun goreng sambel kacang'),
(7508, 'Sayur bening bayam,goreng tempe', '[{\"section\":\"-\",\"contents\":[{\"v_page_element_ingredient_item\":\"Bawang putih 1 butir bawang merah 1 butih kunci 1 secukup nya\"}]}]', '{\"1\":{\"step\":\"Rebus air sampai mendidih lalu masukan bawang putih\'bawang merah\'kunci dan bayam rebus jadi 1\",\"image\":\"uploads\\/recipe\\/sayur-bening-bayam-goreng-tempe-iimynmna-step-27ed649b9a5b1e062ab64801671bedba.jpg\"}}', 'https://www.dapurumami.com/uploads/recipe/sayur-bening-bayam-goreng-tempe-iimynmna-a532bbef5b5d4a069c08bf0e4ab2720c.jpg', 17, '2024-06-15 19:27:30', 'Siapkan sayur bayam,rebus air sampai mendidih lalu kasih bawang putih bawang merah jangan lupa kasih kunci biar rasa lebih enak...rebus semua jadi satu nunggu sampai matang kasih mejedap sesudah itu tiriskan....'),
(7511, 'Ayam goreng sereh..', '[{\"section\":\"-\",\"contents\":[{\"v_page_element_ingredient_item\":\"Siapkan 650gr ayam ,1 sachet desaku marinasi , \\u00bd sdt ladaku, 2 sdm maizena ,2 sdm air\"}]}]', '{\"1\":{\"step\":\"Siapkan ayam dalam wadah lalu masukan bumbu halus, desaku mari nasi, ladaku, maizena dan 2sdm air.. aduk sampai rata lalu diamkan minimal 30 menit.. setelah itu goreng di minyak yg panas. Pastikan ayam terendam dan api kecil.\",\"image\":\"\"}}', 'https://www.dapurumami.com/uploads/recipe/ayam-goreng-sereh-iiopymme-ca0962ee9d1ec096abec147d567d0a51.jpg', 16, '2024-06-15 19:27:30', 'Siapkan bumbu halus : 3 batang sereh potong bagian putihnya, 3 siung bawang putih, 2 sdm air.. haluskan dengan blender atau cooper.'),
(7574, 'Tempe Goreng bumbu Sajiku Ayam Goreng', '[{\"section\":\"-\",\"contents\":[{\"v_page_element_ingredient_item\":\"1 papan tempe\"},{\"v_page_element_ingredient_item\":\"1 bungkus Sajiku Ayam Goreng\"},{\"v_page_element_ingredient_item\":\"200ml Air\"}]}]', '{\"1\":{\"step\":\"Potong Tempe sekitar 5x5 cm\\r\\nSiapkan wajan, masukan air dan 1 bungkus Sajiku Ayam goreng, aduk rata\\r\\nMasukkan semua tempe, ungkep hingga air susut\\r\\nJika sudah meresap, matikan api, diamkan 39 menit.\\r\\nSiapkan minyak, goreng tempe di minyak panas dengan api sedang.\\r\\nTempe goreng siap dinikmati dengan nasi hangat\",\"image\":\"uploads\\/recipe\\/tempe-goreng-bumbu-sajiku-ayam-goreng-btumo41n-step-a81fefb4c4690b24e8029ec5a8d143c8.jpg\"}}', 'https://www.dapurumami.com/uploads/recipe/tempe-goreng-bumbu-sajiku-ayam-goreng-btumo41n-ea9d36bc5964b662b54f685bf08bb9fe.jpg', 15, '2024-06-15 19:27:30', 'Tempe yang diungkep dengan bumbu Sajiku Ayam Goreng, lalu digoreng, sangat nikmat dan lezat, bumbu ayam gorengnya meresap sempurna'),
(7579, 'Nasi Goreng Udang', '[{\"section\":\"-\",\"contents\":[{\"v_page_element_ingredient_item\":\"2 piring nasi\"},{\"v_page_element_ingredient_item\":\"100gr udang buang kepala\"},{\"v_page_element_ingredient_item\":\"1 bungkus Sajiku Nasi Goreng\"}]}]', '{\"1\":{\"step\":\"Panaskan minyak, tumis bawang bombay dan bawang putih hingga harum, masukkan udang, masak hingga berubah warna, beri garam dan lada, masukkan nasi, tambahkan 1 bungkus Sajiku Nasi Goreng, tambahkan tomat, mentimun dan irisan cabe, aduk hingga semuanya tercampur rata.\\r\\nTata di piring saji.\\r\\nSiap disantap\",\"image\":\"uploads\\/recipe\\/nasi-goreng-udang-qvpoqfl6-step-447bfabbe26d49ec50c193218400b334.jpg\"}}', 'https://www.dapurumami.com/uploads/recipe/nasi-goreng-udang-qvpoqfl6-2bb3e7c776fd324c7bc6317bad013e03.jpg', 15, '2024-06-26 09:23:28', 'Nasi goreng sederhana dengan rasa istimewa'),
(7606, 'Ayam Goreng Mentega', '[{\"section\":\"-\",\"contents\":[{\"v_page_element_ingredient_item\":\"400 gr ayam, potong sesuai selera 3 sdm margarin \\u00bd sdt Masako rasa ayam \\u00bd bawang bombay, rajang\"},{\"v_page_element_ingredient_item\":\"Saus : 2 sdm kecap inggris 2 sdm kecap manis 1 sdm saus sambal 2 sdm saus tiram 1 sdm kecap asin\"}]}]', '{\"1\":{\"step\":\"Lelehkan margarin, goreng ayam hingga  setengah matang.\",\"image\":\"\"},\"2\":{\"step\":\"Masukkan bawang bombay, masak hingga layu kemudian masukkan kecap inggris, saus sambal, kecap manis dan saus tiram serta masako\",\"image\":\"\"},\"3\":{\"step\":\"Masak hingga bumbu meresap lalu angkat.\",\"image\":\"\"}}', 'https://www.dapurumami.com/uploads/recipe/ayam-goreng-mentega-s9xztdty-b046bb2559b38337d76836ffd85beaa6.jpg', 14, '2024-06-15 19:27:30', 'Bahan utama AYAM GORENG MENTEGA adalah ayam,  serta mentega sebagai pengganti minyak untuk menggoreng ayam.\r\n\r\nCiri khas ayam goreng mentega adalah penggunaan 3 saus utama yaitu kecap manis, saus tiram dan kecap inggris sehingga ada aroma dan taste khas tersendiri.'),
(7612, 'Sate Jeroan', '[{\"section\":\"-\",\"contents\":[{\"v_page_element_ingredient_item\":\"Ampela ati\"},{\"v_page_element_ingredient_item\":\"Ajinomoto\"}]}]', '{\"1\":{\"step\":\"Rebus ampela ati, uleg bumbu tumbar, tumis\\u00b2 lalu beri air, masukan rebusan ati ampela, bumbui dg garam gula ajinomoto kecap. Masak hingga kuah menyusut.. stlah gak panas tusuk\\u00b2 .sajikan\",\"image\":\"\"}}', 'https://www.dapurumami.com/uploads/recipe/sate-jeroan-sgb0svhh-53289b22173c2266c0d2a545b52242fe.jpg', 31, '2024-06-26 08:31:23', 'Anak² kalau makan dengan yg identik sate satean lebih nyemangati nya buat makan tepat waktu dan bergizi.'),
(7661, 'Ayam Tepung Drumstick', '[{\"section\":\"-\",\"contents\":[{\"v_page_element_ingredient_item\":\"Paha ayam\"},{\"v_page_element_ingredient_item\":\"Tepung bumbu Sajiku\"},{\"v_page_element_ingredient_item\":\"Saori Saus tiram ,Garam ,Lada ,Masako jamur ,Telur\"}]}]', '{\"1\":{\"step\":\"Cara :\\r\\n- Marinasi ayam dengan Saori saus tiram, lada, garam, Masako jamur\\r\\n- Balur dengan tepung bumbu Sajiku, lalu - celup ke dalam telur lalu balur dengan tepung lagi\\r\\n- Goreng hingga matang\",\"image\":\"uploads\\/recipe\\/ayam-tepung-drumstick-k2ardoiw-step-31c0f7e49a098dedfac16298b6266ef8.jpg\"}}', 'https://www.dapurumami.com/uploads/recipe/ayam-tepung-drumstick-k2ardoiw-4593e9c3b75348ad335434724c60d5db.jpg', 30, '2024-06-26 08:31:18', 'Ayam goreng tepung sudah pasti gak bisa nolak nih'),
(7662, 'Ayam Jamur Kukus', '[{\"section\":\"-\",\"contents\":[{\"v_page_element_ingredient_item\":\"6 potong paha ayam, 3 potong jamur Shitake besar, 2 batang daun bawang, 5 iris jahe, 3 siung bawang putih cincang, 1 bungkus Saori Saus Tiram 23ml, 1\\/2 sendok teh gula, 1 sendok makan kecap manis, 1 sendok makan minyak wijen, 1\\u20442 sendok teh bubuk lada putih, 2 sendok teh tepung jagung,\"}]}]', '{\"1\":{\"step\":\"1.Campur semua bahan dalam piring anti panas\\r\\n2.diamkan dalam kulkas minimal 30 menit\\r\\n3.Kukus 20-30 menit hingga ayam benar benar matang dan sajikan\",\"image\":\"\"}}', 'https://www.dapurumami.com/uploads/recipe/ayam-jamur-kukus-lwccrnmb-f3eaaccb5637b08fd746062efd9f571c.jpg', 29, '2024-06-26 08:31:18', 'Bismillahirrohmanirrohim \r\nEntry ke 7 recook resep resep ayam Jamur Kukus ala Chef Yuda \r\n\r\nWalaupun cuma cemplang cemplung dan dikukus ,heran banget bisa seenak ini . Tanpa garampun bisa lezat . Anak saya sampai nambah nasi . Cukup dengan satu bungkus Saori ukuran 23 ml bisa membuat ayam jamur kukus ini kaya rasa'),
(7672, 'Ayam Jamur Kukus ala Chef Yuda', '[{\"section\":\"-\",\"contents\":[{\"v_page_element_ingredient_item\":\"6 potong paha ayam 3 potong jamur Shitake 2 batang daun bawang 5 iris jahe 3 siung bawang putih cincang 2 sdm Saori Saus Tiram  1\\/2 sendok teh gula\"},{\"v_page_element_ingredient_item\":\"1 sendok makan kecap manis 1 sendok makan minyak wijen 1\\u20442 sendok teh bubuk lada pu:h 2 sendok teh tepung jagung\"}]}]', '{\"1\":{\"step\":\"1. Campur semua bahan dalam piring anti panas \\r\\n2. Diamkan dalam kulkas minimal 30 menit\",\"image\":\"\"},\"2\":{\"step\":\"3. Kukus 20-30 menit hingga ayam benar benar matang dan sajikan!\",\"image\":\"\"}}', 'https://www.dapurumami.com/uploads/recipe/ayam-jamur-kukus-ala-chef-yuda-cg1ffntj-8bdda1231cb0913cc42236fa87c585c1.jpg', 28, '2024-06-26 08:31:18', 'Ikut meramaikan   resep spesial ala chef Dapur Umami yang ditunggu-tunggu!#SpesialDariDapurUmami'),
(7676, 'Tongseng Ayam Kaldu Jamur Masako®', '[{\"section\":\"-\",\"contents\":[{\"v_page_element_ingredient_item\":\"500 gr sayap ayam, potong-potong 100 gram kol, potong-potong 1 daun bawang, iris 65 ml santan kental 750 ml air 2 sdm kecap manis 8 buah cabe rawit utuh 1 sdt garam 1 sdt Masako Kaldu Jamur  1 sdt gula Minyak untuk menumis\"},{\"v_page_element_ingredient_item\":\"Bumbu halus : 8  bawang merah 4 bawang putih 1 sdt ketumbar 3 butir kemiri sangrai \\u00bd ruas kunyit\"}]}]', '{\"1\":{\"step\":\"Tumis bumbu halus hingga harum, masukan ayam tumis sebentar lalu tambahkan air.\",\"image\":\"uploads\\/recipe\\/tongseng-ayam-kaldu-jamur-masako-ihha4k2u-step-5041b60f869fa358b40a59c657dd8325.jpg\"},\"2\":{\"step\":\"Setelah mendidih tambahkan santan, kol, rawit, garam, gula dan Masako Kaldu Jamur\",\"image\":\"uploads\\/recipe\\/tongseng-ayam-kaldu-jamur-masako-ihha4k2u-step-3e75ebee2aed391e668194b7e19f7c42.jpg\"},\"3\":{\"step\":\"Tambahkan kecap manis masak sebentar, cek rasa lalu angkat.\",\"image\":\"uploads\\/recipe\\/tongseng-ayam-kaldu-jamur-masako-ihha4k2u-step-24b688201c7bdd96476ec0f4fcc9ff51.jpg\"}}', 'https://www.dapurumami.com/uploads/recipe/tongseng-ayam-kaldu-jamur-masako-ihha4k2u-580ff1887da1cc8b0975f4bb988b06c6.jpg', 14, '2024-06-26 08:31:18', 'Menu hari ini TONGSENG AYAM  dengan menambahkan Masako® Bumbu Kaldu Rasa Jamur menambah gurih dan sedap kuah tongseng.'),
(7682, 'Pizza Singkong Ayam Jamur Kukus', '[{\"section\":\"-\",\"contents\":[{\"v_page_element_ingredient_item\":\"100 gr jamur merang\"},{\"v_page_element_ingredient_item\":\"500 gr singkong kukus\"},{\"v_page_element_ingredient_item\":\"250 gr dada ayam\"}]}]', '{\"1\":{\"step\":\"Kukus singkong, haluskan dan tata pada loyang pizza sisihkan.\",\"image\":\"uploads\\/recipe\\/pizza-singkong-ayam-jamur-kukus-fuwijhna-step-b21e0701c17a08db9e96e331b28395d1.jpg\"},\"2\":{\"step\":\"2.Dalam mangkok campur daging ayam, jamur, bawang putih, lada bubuk, gula pasir \\r\\n3. Tambahkan saorinsaos tiram, kecap manis, minyak wijen , tepung jagung aduk rata.\\r\\n4 . Diamkan selama 30 menit dalam kulkas\",\"image\":\"uploads\\/recipe\\/pizza-singkong-ayam-jamur-kukus-fuwijhna-step-f09778be2ed0b70392c372ea3dbea04d.jpg\"},\"3\":{\"step\":\"5. Kukus ayam sampai benar matang selama 20-30 menit.\\r\\n6 tuang di atas pizza Singkong ratakan.\\r\\n7. Kukus kembali selama 10-15 menit \\r\\n8. sajikan\",\"image\":\"uploads\\/recipe\\/pizza-singkong-ayam-jamur-kukus-fuwijhna-step-c378ebeb7db1a0fbe1c70f32730b9574.jpg\"}}', 'https://www.dapurumami.com/uploads/recipe/pizza-singkong-ayam-jamur-kukus-fuwijhna-1182b5fd43a77430ec20dd1f91fec29f.jpg', 27, '2024-06-26 08:31:18', 'Pertama liat resep jadi ada ide bikin pizza. Tapi dengan bahan berbeda ,kebetulan ada stok singkong jadi ada ide bikin Pizza Singkong Ayam Jamur Kukus.  Masakan yang berasal dari Chinese sedikit saya kreasikan semoga berkenan. Rasa nya enak dan sehat pastinya karena menggunakan saori saos tiram.'),
(7689, 'Kukus Ayam Jamur by Chef Yuda', '[{\"section\":\"-\",\"contents\":[{\"v_page_element_ingredient_item\":\"Bahan : 6 potong ayam bagian paha atas 3 potong jamur shitake 2 batang daun bawang 5 iris jahe 1,5 sdt bawang putih bubuk 1 sdm saori saus tiram 1\\/2 sdt gula 1 sdm kecap manis 1 sdm minyak wijen 1\\/2 sdt lada putih bubuk 2 sdt tepung jagung\"}]}]', '{\"1\":{\"step\":\"Cara memasak :\\r\\n1. Campur semua bahan dalam wadah tahan panas\\r\\n2. Diamkan di kulkas minimal 30 menit\\r\\n3. Kukus 20-30 menit, hingga ayam benar benar matang dan sajikan.\",\"image\":\"uploads\\/recipe\\/kukus-ayam-jamur-by-chef-yuda-1tflqaax-step-23740c422c0821bb316bb9950c59f4c9.jpg\"}}', 'https://www.dapurumami.com/uploads/recipe/kukus-ayam-jamur-by-chef-yuda-1tflqaax-d59c7cc17a00e6ad26294825e9a0bab8.jpg', 26, '2024-06-26 08:31:18', 'Recook Ayam Jamur Kukus by chef @yudabustara\r\nMenu sehat dan enak satu ini, approved banget bisa dimakan oleh orang dewasa maupun anak anak. Untuk bahannya seperti saus tiram aku pakai produknya dari Dapur Umami Bikin makanan makin nikmat poll.\r\nBun, ayuk  recook juga.'),
(7711, 'Ayam Jamur Kukus ala Chef Yuda', '[{\"section\":\"-\",\"contents\":[{\"v_page_element_ingredient_item\":\"6 potong paha ayam 3 potong jamur Shitake besar 2 batang daun bawang 5 iris jahe 3 siung bawang putih cincang 1 bungkus Saori Saus Tiram 23ml\"},{\"v_page_element_ingredient_item\":\"1\\/2 sendok teh gula 1 sendok makan kecap manis 1 sendok makan minyak wijen\"},{\"v_page_element_ingredient_item\":\"1\\u20442 sendok teh bubuk lada bubuk 2 sendok teh tepung jagung\"}]}]', '{\"1\":{\"step\":\"Cara Membuat\\r\\n1. Campur semua bahan dalam piring anti panas\\r\\n2. diamkan dalam kulkas minimal 30 menit\\r\\n3. Kukus 20-30 menit hingga ayam benar benar matang dan sajikan!\",\"image\":\"uploads\\/recipe\\/ayam-jamur-kukus-ala-chef-yuda-k4lnug23-step-716503cae4502247a5b22dff8a1767e7.jpg\"}}', 'https://www.dapurumami.com/uploads/recipe/ayam-jamur-kukus-ala-chef-yuda-k4lnug23-1dca370deebe808b2aa21101d87b2286.jpg', 25, '2024-06-26 08:31:17', 'Menu yang menurut saya cocok banget buat diet'),
(7712, 'Ayam Jamur Kukus Ala Chef Yudabustara', '[{\"section\":\"-\",\"contents\":[{\"v_page_element_ingredient_item\":\"6 potong ayam  3 buah jamur shitake  2 buah daun bawang  5 iris jahe  3 siung bawang putih cincang\"},{\"v_page_element_ingredient_item\":\"Saori Saus tiram 23 ml  1\\/2 sdt gula pasir  1 sdm kecap manis  1 sdm minyak wijen  1\\/2 sdt lada bubuk  2 sdm tepung jagung\"}]}]', '{\"1\":{\"step\":\"Cuci bersih ayam. \\r\\nCampurkan semua bahan dan baluri pada ayam merata.\\r\\nDiamkan dalam kulkas selama 30 menit.\\r\\nKukus hingga matang sekitar 30 menit.\",\"image\":\"\"}}', 'https://www.dapurumami.com/uploads/recipe/ayam-jamur-kukus-ala-chef-yudabustara-jqcvesya-781e9d5041e81180f82203e7bf06c201.jpg', 24, '2024-06-26 08:31:17', 'Resep simpel dan praktis dari Chef Yudabustara ini wajib kalian cobain. Cuma pakai Saori saus tiram bikin masakan maksimal lezatnya. Tidak amis dan gurihnya pas. \r\n\r\nVideo lengkap ada di Ig : @berandaaqlan ya'),
(7727, 'Ayam suwir kemangi', '[{\"section\":\"-\",\"contents\":[{\"v_page_element_ingredient_item\":\"Daging ayam\"},{\"v_page_element_ingredient_item\":\"Kemangi, rawit, bawang merah, bwang putih garam\"}]}]', '{\"1\":{\"step\":\"1 suwir ayam yg telah direbus\\r\\n2 haluskan bwang merah, bawang putih, garam \\r\\n3 tumis bumbu\\r\\n4 masukan ayam aduk rata\\r\\n5 tambahkan penyedap rasa\\r\\n6 masukan kemangi\",\"image\":\"\"}}', 'https://www.dapurumami.com/uploads/recipe/ayam-suwir-kemangi-ksyttphq-8f9ead5cf62fd81d696d4f2eef0358f1.jpg', 23, '2024-06-26 08:31:17', 'Ayam suwir huhah'),
(7730, 'AYAM BUTTER MILK', '[{\"section\":\"-\",\"contents\":[{\"v_page_element_ingredient_item\":\"Bahan 250 gr daging ayam paha 1siung bawang putih, cincang 1 tangkai daun kare \\/ daun jeruk,\\u00a0 iris 3\\u00a0 buah cabe setan , iris 1sdm butter \\/ margarine 25 gr keju, parut 1 sdt kaldu Masako Jamur Garam Merica bubuk Minyak sayur, untuk menggoreng 100ml susu cair\"},{\"v_page_element_ingredient_item\":\"Bahan marinasi 1 sdt kaldu Masako Jamur Garam Merica bubuk 1sdm tepung terigu 1sdm tepung maizena 1 butir telur\"}]}]', '{\"1\":{\"step\":\". Marinasi daging aya dwngan bumbu marinasi , diamkan selama 15 menit\\r\\n2. Panaaskan wajan, masuk minyak sayur lalu goreng ayam sampai kecoklatan, sisihkan\\r\\n3. Panaskan wajan, masukkan buttter\\u00a0 , bawang putih dan cabe. Tumis sampai harum.\",\"image\":\"\"},\"2\":{\"step\":\"4. Maaukkan susu , keju, masako jamur, garam , merica bubuk lalu diaduk\\r\\n5. Setelah itu masukkan ayam goreng , diaduk dan masukkan daun kare \\/ daun jeruk.\\r\\n6. Siap disajikan.\",\"image\":\"\"}}', 'https://www.dapurumami.com/uploads/recipe/ayam-butter-milk-nqscduln-e80be397400aadc992854416eebd784e.jpg', 28, '2024-06-28 07:14:49', 'Hasil recook dari Chef MartinPraja, ayam goreng enak sekali dengan gurih keju yang menyatu dengan butter milk'),
(7732, 'Ayam Karage', '{\"1719478018779\":{\"section\":\"Bahan-bahan\",\"contents\":[{\"v_page_element_ingredient_item\":\"2 potong ayam fillet paha\"},{\"v_page_element_ingredient_item\":\"1 siung bawang putih, haluskan\"},{\"v_page_element_ingredient_item\":\"1\\/2 ruah jahe, parut\"},{\"v_page_element_ingredient_item\":\"1 sdt gula pasir\"},{\"v_page_element_ingredient_item\":\"1 sdt Masako\\u00ae Rasa Ayam\"},{\"v_page_element_ingredient_item\":\"1 butir telur\"},{\"v_page_element_ingredient_item\":\"4 sdm tepung tapioka\"}]}}', '{\"1719478196603\":{\"step\":\"Potong ayam menjadi bagian kecil\",\"image\":\"\"},\"1719478206827\":{\"step\":\"Marinasi ayam dengan bawang putih, jahe, gula, Masako\\u00ae, telur dan 1 sdm tepung tapioka. Aduk rata, diamkan kurang lebih 20 menit\",\"image\":\"\"},\"1719478207765\":{\"step\":\"Setelah marinasi, balur ayam dengan 3 sdm tepung tapioka, dan aduh hingga rata. Panaskan minyak lalu goreng ayam hingga matang dan sajikan\",\"image\":\"\"}}', 'https://www.dapurumami.com/uploads/recipe/ayam-karage-e2788d160ed5bf2a0c45d1385b470888.jpeg', 19, '2024-06-28 07:14:49', '<p>Ayam Karage</p>'),
(7734, 'nasi goreng', 'ayam\r\nnasi\r\npisang\r\nubi', 'goreng nasi', 'tikus.jpg', 12, '2024-06-26 09:21:16', 'nasi ayam enak sekali nyaaam~~~');

-- --------------------------------------------------------

--
-- Table structure for table `users`
--

CREATE TABLE `users` (
  `id` int(11) NOT NULL,
  `username` varchar(50) NOT NULL,
  `email` varchar(100) NOT NULL,
  `password` varchar(255) NOT NULL,
  `created_at` timestamp NOT NULL DEFAULT current_timestamp()
) ENGINE=InnoDB DEFAULT CHARSET=utf8mb4 COLLATE=utf8mb4_general_ci;

--
-- Dumping data for table `users`
--

INSERT INTO `users` (`id`, `username`, `email`, `password`, `created_at`) VALUES
(7, 'jayyy', '123ss@gmal.com', '$2y$10$l.B./NfBytV5RPFV/P2VRuFyWFzgFFmaZtDDn2E/tW9wecJ.5Zlt.', '2024-06-15 12:10:00'),
(8, '11111111111', '1111111111@gmail.com', '$2y$10$2YlxItO1uN6/d6U8jRSkNubQGUIw/Mq/WI8UodiUMyfCEsQJRixje', '2024-06-15 12:12:26'),
(9, 'asadasd', 'asdas@adsad', '$2y$10$064yolgVbfV25mQoRugDzejNf0vr9NPC1OFHom6gDksrtg7Y/k74O', '2024-06-15 12:14:17'),
(10, 'anjay11', 'anjaykelas@gmail.com', '$2y$10$S26H.3R1rLZqEak7ICg9w.GzSBGZANL9waHL33XNmuo6TXUNiJcgi', '2024-06-15 12:17:39'),
(11, 'fa_sya30', '222@gmail.com', '$2y$10$qV4DwhCA6FyKB5voPU.K1Oz.6gFmmyO0N7qtxiBMnp9bRpfGPLnoO', '2024-06-15 12:21:48'),
(12, 'fahrul', 'fahrul@gmail.com', '$2y$10$/atXOABKGLFqPO3n5WzbkuZSPV3U/FcV76Mum6DLYvQN6KOt6ehNG', '2024-06-15 13:05:05'),
(13, 'tes', 'tws123@gmail.com', '$2y$10$LY6eF0N4MI1TONcWcAtSneZSOhgaweDmq.2UFIFEyUO2do4Ko2Bym', '2024-06-15 19:11:29'),
(14, 'IstiHarfiantha', 'IstiHarfiantha@gmail.com', '$2y$10$9KoLjgs1sSOOx6SseMLbjeuok1qVQmRO1wPf4Q5ErTg9GM4bBAxN2', '2024-06-15 19:19:11'),
(15, 'MesiAgustina', 'MesiAgustina@gmail.com', '$2y$10$jb9sVWRA8YcTENqsUf4Dcu9zX04TO8k1lsQ05O9CIHluMz4eDG42O', '2024-06-15 19:19:52'),
(16, 'YuliSugiarti', 'YuliSugiarti@gmail.com', '$2y$10$Z5pHogN.WT.JzkLJp35kiunqJolXk1bqgvS1jzxKSPCF9TrR00aZa', '2024-06-15 19:22:48'),
(17, 'Ermayunita', 'Ermayunita@gmail.com', '$2y$10$tCGsQs/5VEsexlOLCjjkB./iyslNxgLL4e4YTQFgsrpfaDWHyfh3u', '2024-06-15 19:22:48'),
(18, 'Cahya', 'Cahya@gmail.com', '$2y$10$.fmW.U6bPj9ia9y1sUgF/Ou.obEWW4txEZ5oESoGEhkqCIosn46yW', '2024-06-15 19:22:48'),
(19, 'OfficialUmamin', 'OfficialUmamin@gmail.com', '$2y$10$Ra5MujtEgx8O56PJ4jx1ieKDtA2Z1xPAISgRM4L8wkhy1Mln2HQfq', '2024-06-15 19:22:48'),
(20, 'VitaAlFatih', 'VitaAlFatih@gmail.com', '$2y$10$KMNzx5iHnNLrzukz.SBJp.yRHfefb8LXRxyRVX7xkCiJd.TshRVwa', '2024-06-15 19:22:49'),
(21, 'Tan', 'Tan@gmail.com', '$2y$10$EKfKTWUIGhChnWlTlmCkV.MntK26RpgEIN3fI1Ed58la1BsN6pESW', '2024-06-15 19:22:49'),
(22, 'husain', 'husain@gmail.com', '$2y$10$c8aqoD2CCnlyCWhTL4tKp.oH/Zx7KHF1SrmUxSpvbZOjNvsDf.uI.', '2024-06-19 14:20:36'),
(23, 'Noorsoleil', 'Noorsoleil@gmail.com', '$2y$10$EYFE5BycQmPZ5gfKTQByKecOTNB5xUDWwC8u7xyP/SscyThDWxIaa', '2024-06-26 08:31:17'),
(24, 'BerandaAqlan', 'BerandaAqlan@gmail.com', '$2y$10$v784A6S7rt/aJ1gfaT2yOOCL2ujn5Ttw6LEm3wsxfUb/mDl9Nh2ru', '2024-06-26 08:31:17'),
(25, 'LailaDawud', 'LailaDawud@gmail.com', '$2y$10$xDHXBTRc2QGdzwLobGlAlO9KEZvJtqCdXUqxZ6KttQ1Rc8jxFQ9ni', '2024-06-26 08:31:17'),
(26, 'Bubundistyfatha', 'Bubundistyfatha@gmail.com', '$2y$10$U7Z9H3xm7pwTnCtaadR0SeZWRj69nWRQ0kHLz9pI3TF.1MzhiWFZO', '2024-06-26 08:31:18'),
(27, 'Ratih', 'Ratih@gmail.com', '$2y$10$qp0Ph76CfoK2aWJKpH3nbuRM1r033lPRqxQZkn.jNpXKUg8Jyp5Bq', '2024-06-26 08:31:18'),
(28, 'SakuraiKitchen', 'SakuraiKitchen@gmail.com', '$2y$10$K5r0SFvgyq09CvhTJ0IAZuXDKAdI9Y3FbP.4wWQVkjJVSFVz8zZPu', '2024-06-26 08:31:18'),
(29, 'LilisDapoerTara', 'LilisDapoerTara@gmail.com', '$2y$10$n4VDBlhBnoKqIHrv427eCu5Z5EAftbUBuE.dr5W56bNRbWJuGhjCO', '2024-06-26 08:31:18'),
(30, 'alviyahnurullailah', 'alviyahnurullailah@gmail.com', '$2y$10$0t0tf2uZlLn7UZXyy7nHAusJyCxC3iD6T1drN9L0d2FLc99RMeera', '2024-06-26 08:31:18'),
(31, 'RevanKiano', 'RevanKiano@gmail.com', '$2y$10$nkpg/Vp/eX9Mov4upBP0dOOTOyofEdAvS1bS7jfrkKfFF34jpTV6y', '2024-06-26 08:31:23'),
(32, 'merinofriyanti', 'merinofriyanti@gmail.com', '$2y$10$2qlyK1qMAO4bnZ59rVz5j.yd07OQwMelwf/3OEHmLeYF6.uoFTySS', '2024-06-26 08:31:23'),
(33, 'Diezzyquen', 'Diezzyquen@gmail.com', '$2y$10$0uKVW29uXt5eaYRQetijb.Phe.sVhFKL7jisThUlUg9Yybej/O2jW', '2024-06-26 08:31:23'),
(34, 'Owi', 'Owi@gmail.com', '$2y$10$B3ts8CmxUWyT0nCHH02rTeLFClON8ULvwi5NzxrPicjx.Ifibiml.', '2024-06-26 08:31:23'),
(35, 'EkoSusilowati', 'EkoSusilowati@gmail.com', '$2y$10$MwK/s4wgnMfaLxAdeoWBjejpt7jOaNQMr9EMz6aAPGhuDOH/eRbAC', '2024-06-26 08:31:23'),
(36, 'Nindiannisakurniawati', 'Nindiannisakurniawati@gmail.com', '$2y$10$9.r5QqUdov9ky251hy/WReZH4QZCTl3q1sgmtnO1aRYEmPzHglRlO', '2024-06-26 08:31:23'),
(37, 'Rialatifa', 'Rialatifa@gmail.com', '$2y$10$AQo6He7XBhWkUbF.Aref6OBAxVZkjoOYVBZsFU8QFiOZ.togOkxTy', '2024-06-26 08:31:23'),
(38, 'adlida', 'adlida@gmail.com', '$2y$10$B3SADZfCegtZAevc2fMOkOGoHGSGtknPZ2HeCXRWv27mO0VPh5bCG', '2024-06-26 08:31:23'),
(39, 'Reyxaa', 'Reyxaa@gmail.com', '$2y$10$VfROI1Da4PV9m4XCuczCDO8gKsoW04UWR.lVbZdi8wIODMR1dn2C.', '2024-06-26 08:31:24'),
(40, 'EnengSolihat', 'EnengSolihat@gmail.com', '$2y$10$Yv5mVQpdXUarWU/661aMI.yt.HUKLjyk1XVopTx5rt3w207/CJXyq', '2024-06-26 09:23:28'),
(41, 'OkyNirmalaDewi', 'OkyNirmalaDewi@gmail.com', '$2y$10$dDywrJPXgwyPY2m896cTa.CqKpc7MdQCP8HhUax/l4SCSGaH9TiaK', '2024-06-26 09:23:28'),
(42, 'SyafikaAzmiBastian', 'SyafikaAzmiBastian@gmail.com', '$2y$10$qYMlns11Tx4.3mDZhxY5ZOob02pdAb3DnWHxibya36JKDrQUzHulK', '2024-06-26 09:23:28'),
(43, 'Lucy', 'Lucy@gmail.com', '$2y$10$85R6fjL/kKr8njIDJiCnoefFHDeSY0syj11h8PbQkBx53LY4lD7Ye', '2024-06-26 09:23:29');

--
-- Indexes for dumped tables
--

--
-- Indexes for table `admin`
--
ALTER TABLE `admin`
  ADD PRIMARY KEY (`id_admin`);

--
-- Indexes for table `feedback`
--
ALTER TABLE `feedback`
  ADD PRIMARY KEY (`id`),
  ADD KEY `id_resep` (`id_resep`),
  ADD KEY `user_id` (`user_id`);

--
-- Indexes for table `resep_user`
--
ALTER TABLE `resep_user`
  ADD PRIMARY KEY (`id_resep`),
  ADD KEY `user_id` (`user_id`);

--
-- Indexes for table `users`
--
ALTER TABLE `users`
  ADD PRIMARY KEY (`id`),
  ADD UNIQUE KEY `username` (`username`),
  ADD UNIQUE KEY `email` (`email`);

--
-- AUTO_INCREMENT for dumped tables
--

--
-- AUTO_INCREMENT for table `feedback`
--
ALTER TABLE `feedback`
  MODIFY `id` int(11) NOT NULL AUTO_INCREMENT, AUTO_INCREMENT=5;

--
-- AUTO_INCREMENT for table `resep_user`
--
ALTER TABLE `resep_user`
  MODIFY `id_resep` int(11) NOT NULL AUTO_INCREMENT, AUTO_INCREMENT=7735;

--
-- AUTO_INCREMENT for table `users`
--
ALTER TABLE `users`
  MODIFY `id` int(11) NOT NULL AUTO_INCREMENT, AUTO_INCREMENT=44;

--
-- Constraints for dumped tables
--

--
-- Constraints for table `feedback`
--
ALTER TABLE `feedback`
  ADD CONSTRAINT `feedback_ibfk_1` FOREIGN KEY (`id_resep`) REFERENCES `resep_user` (`id_resep`),
  ADD CONSTRAINT `feedback_ibfk_2` FOREIGN KEY (`user_id`) REFERENCES `users` (`id`);

--
-- Constraints for table `resep_user`
--
ALTER TABLE `resep_user`
  ADD CONSTRAINT `resep_user_ibfk_1` FOREIGN KEY (`user_id`) REFERENCES `users` (`id`);
COMMIT;

/*!40101 SET CHARACTER_SET_CLIENT=@OLD_CHARACTER_SET_CLIENT */;
/*!40101 SET CHARACTER_SET_RESULTS=@OLD_CHARACTER_SET_RESULTS */;
/*!40101 SET COLLATION_CONNECTION=@OLD_COLLATION_CONNECTION */;
